row,model_id,dataset,predict_mode,num_runs,ndcg_multi_mean,ndcg_multi_std,ndcg_single_mean,ndcg_single_std,recall_multi_mean,recall_multi_std,recall_single_mean,recall_single_std,snsr_mean,snsr_std,snsr_gender_mean,snsr_gender_std,snsr_occupation_mean,snsr_occupation_std,snsr_age_mean,snsr_age_std,CFR_mean,CFR_std,CFR_gender_mean,CFR_gender_std,CFR_occupation_mean,CFR_occupation_std,CFR_age_mean,CFR_age_std,n_violations_mean,n_violations_std,fixedQ0_corrected_violations_mean,fixedQ0_corrected_violations_std
Baseline Neutral,mistralai/Mistral-7B-Instruct-v0.2,ml-1m,open,3,0.031172141430916376,0.0018990669041880545,0.02159363032706488,0.004000622165449643,0.026436507936507942,0.0011153437898456784,0.036444444444444446,0.004286067004885759,0.05219503243764242,0.007318648716438496,0.03282994031906128,0.0008012681217321965,0.12282727162043254,0.016386361025150748,0.08868976434071858,0.010579043232983299,0.7408580871928464,0.021378000583197738,0.5847066617081151,0.02476293652797786,0.6936630949021536,0.005529865816454969,0.5803736305223793,0.042681169692718145,39.333333333333336,7.505553499465135,,
Baseline Fair,mistralai/Mistral-7B-Instruct-v0.2,ml-1m,open,3,0.030377372944969634,0.003324609453943648,0.01881015806218209,0.0028378884545207164,0.025702821869488537,0.0029448528329256637,0.033777777777777775,0.005047918529600243,0.040696183840433754,0.007176842274431005,0.030440449714660645,0.002828882001931108,0.07868013779322307,0.004739869574484654,0.11598296960194905,0.019045859645416427,0.6943122106214545,0.006352639973830202,0.5911219987510038,0.03556348200233476,0.6486621064985347,0.027505172222718904,0.6029795723182624,0.03786483731927893,45.333333333333336,5.131601439446884,,
FACTOR Iteration 3,mistralai/Mistral-7B-Instruct-v0.2,ml-1m,open,3,0.025597648444694587,0.0007299655235615156,0.011520291794966768,0.002273102607235277,0.021680423280423283,0.001410737298795022,0.021333333333333333,0.004618802153517006,0.04051788647969564,0.005195641176693685,0.03371028105417887,0.003157614532745044,0.12832717100779215,0.007759755839519344,0.11637715498606364,0.008163472898698782,0.7846451187181743,0.030989926521175323,0.6775913085209021,0.035162833178289735,0.7541685186505155,0.047715200794538636,0.6630671100082908,0.03696483647330699,7.333333333333333,1.1547005383792517,37.0,4.358898943540674
