row,model_id,dataset,predict_mode,num_runs,ndcg_multi_mean,ndcg_multi_std,ndcg_single_mean,ndcg_single_std,recall_multi_mean,recall_multi_std,recall_single_mean,recall_single_std,snsr_mean,snsr_std,snsr_gender_mean,snsr_gender_std,snsr_occupation_mean,snsr_occupation_std,snsr_age_mean,snsr_age_std,CFR_mean,CFR_std,CFR_gender_mean,CFR_gender_std,CFR_occupation_mean,CFR_occupation_std,CFR_age_mean,CFR_age_std,n_violations_mean,n_violations_std,fixedQ0_corrected_violations_mean,fixedQ0_corrected_violations_std
Baseline Neutral,meta-llama/Llama-2-7b-chat-hf,ml-1m,rank,3,0.35569386486330856,0.002300585945871423,0.17076997173641875,0.004866920887072707,0.338689417989418,0.0035583852748285174,0.34488888888888886,0.005388602512436507,0.017426451047261555,0.0024952383446866714,0.0021433432896931968,0.0004114309179138815,0.01899041732152303,0.0008150705366829498,0.016515811284383137,0.002338557969871701,0.4969641249655779,0.0037985839809715764,0.2489095762770821,0.01472978481389332,0.4682005870956279,0.009111326648790427,0.4177428372492775,0.009125220474941537,60.666666666666664,6.3508529610858835,,
Baseline Fair,meta-llama/Llama-2-7b-chat-hf,ml-1m,rank,3,0.3426544143100463,0.007610023274819292,0.15924647235614703,0.009971405306143996,0.3286188712522046,0.008442505219731207,0.3244444444444445,0.01195051525311002,0.015331427256266275,0.00032629305819930704,0.0022776126861572266,0.0004895834089474528,0.02142210801442464,0.003962609183939913,0.01589357852935791,0.0007391639336493908,0.49408916559867927,0.03145441484332531,0.24407031571456708,0.0072669770668737565,0.4519041425906933,0.01875960920691832,0.4342260747249183,0.025723659236921347,59.0,3.605551275463989,,
FACTOR Iteration 3,meta-llama/Llama-2-7b-chat-hf,ml-1m,rank,3,0.3255467404233594,0.0027098552359958346,0.1573699268450813,0.004780439127968898,0.3170310405643739,0.003226593343337183,0.3204444444444445,0.016671110518676497,0.016668975353240967,0.0025830140059538466,0.0023140708605448404,0.00020330789020161965,0.01725246508916219,0.0023409298996226843,0.013706485430399576,0.0029478688981745237,0.5297056987969903,0.013021968577489332,0.2538206318367042,0.031328721077993886,0.4932925759847262,0.005857077408421578,0.44263078221007995,0.010441394217680738,7.666666666666667,0.5773502691896258,62.666666666666664,5.033222956847167
