row,model_id,dataset,predict_mode,num_runs,ndcg_multi_mean,ndcg_multi_std,ndcg_single_mean,ndcg_single_std,recall_multi_mean,recall_multi_std,recall_single_mean,recall_single_std,snsr_mean,snsr_std,snsr_gender_mean,snsr_gender_std,snsr_occupation_mean,snsr_occupation_std,snsr_age_mean,snsr_age_std,CFR_mean,CFR_std,CFR_gender_mean,CFR_gender_std,CFR_occupation_mean,CFR_occupation_std,CFR_age_mean,CFR_age_std,n_violations_mean,n_violations_std,fixedQ0_corrected_violations_mean,fixedQ0_corrected_violations_std
Baseline Neutral,meta-llama/Meta-Llama-3-8B-Instruct,amazon,open,3,0.004248716809441007,0.00046641825426907587,0.0021261202045059504,0.0010915081643525623,0.004687125220458554,0.0005814145844768014,0.004740740740740741,0.0013578002059128412,0.0,0.0,0.022006094455718994,0.001970818499525893,0.07923048734664917,0.011512175584104301,0.02814982334772746,0.003424235241834278,0.8790492941586416,0.018014949479809392,0.8628556889103386,0.015345926040961057,0.8604582478610215,0.017164303837861564,0.8589665691345291,0.01094627579695272,107.66666666666667,1.5275252316519468,,
Baseline Fair,meta-llama/Meta-Llama-3-8B-Instruct,amazon,open,3,0.0038945869153505556,0.0007573906840469888,0.0017834482608595867,0.000640190780772689,0.004294532627865962,0.00023765063983301508,0.004148148148148148,0.0010264004785593345,0.0,0.0,0.01096359888712565,0.0009676430346506484,0.07401061058044434,0.00735730490466228,0.02256693442662557,0.0016977764421583998,0.9064258157709326,0.022610446512500656,0.8807166488190354,0.002814578038659666,0.8882706180676644,0.006801615883095272,0.8874002391541446,0.01541064283723806,91.33333333333333,8.386497083606084,,
FACTOR Iteration 3,meta-llama/Meta-Llama-3-8B-Instruct,amazon,open,3,0.0034921258014885843,0.0005548362557086584,0.0011780888116272546,0.0004163231087074282,0.0034179894179894184,0.0003438433425285437,0.0029629629629629637,0.0010264004785593348,0.0,0.0,0.0157163143157959,0.003477942502265166,0.07748281955718994,0.004139151118257479,0.020624061425526936,0.002956336628237111,0.9217161651819294,0.0013063553991584957,0.9076131011350969,0.011079561411118705,0.9156005602719347,0.010553013513168603,0.9090966124520631,0.015509401279586344,3.0,1.7320508075688772,110.66666666666667,11.015141094572204
