row,model_id,dataset,predict_mode,num_runs,ndcg_multi_mean,ndcg_multi_std,ndcg_single_mean,ndcg_single_std,recall_multi_mean,recall_multi_std,recall_single_mean,recall_single_std,snsr_mean,snsr_std,snsr_gender_mean,snsr_gender_std,snsr_occupation_mean,snsr_occupation_std,snsr_age_mean,snsr_age_std,CFR_mean,CFR_std,CFR_gender_mean,CFR_gender_std,CFR_occupation_mean,CFR_occupation_std,CFR_age_mean,CFR_age_std,n_violations_mean,n_violations_std,fixedQ0_corrected_violations_mean,fixedQ0_corrected_violations_std
Baseline Neutral,meta-llama/Llama-2-7b-chat-hf,ml-1m,open,3,0.02814917346797838,0.0032375463307482946,0.015302557961852913,0.00022442258702228788,0.025782539682539685,0.002962617940985292,0.029333333333333333,0.0013333333333333322,0.016708016395568848,0.0019816490556304215,0.007488687833150228,0.0006813530426432067,0.04125144084294637,0.0022779943132245914,0.06311935186386108,0.006656672276859712,0.640258449227168,0.0035753140232361283,0.6244393125102384,0.005019991186239125,0.6518974660636919,0.007146343536586278,0.6274506847409337,0.009767694580606693,45.333333333333336,9.073771725877467,,
Baseline Fair,meta-llama/Llama-2-7b-chat-hf,ml-1m,open,3,0.025338711307636524,0.0005917973821276038,0.01347921274295101,0.002623569736388468,0.021957671957671957,0.0015603952356186021,0.02311111111111111,0.0030792014356780056,0.02088451385498047,0.004384025097049837,0.00951850414276123,0.0005754739647322822,0.050979415575663246,0.011860503823889703,0.08021378517150879,0.0257762641462641,0.7278024617383673,0.015805456753404844,0.6826324117137513,0.02205115027240569,0.708425270607099,0.015453491041569125,0.6882276738870304,0.010432570710062464,55.0,2.0,,
FACTOR Iteration 3,meta-llama/Llama-2-7b-chat-hf,ml-1m,open,3,0.022194164200896965,0.0022575385193396636,0.01132579269202886,0.0008197261714409655,0.01997266313932981,0.0021441836859004662,0.02311111111111111,0.0007698003589195003,0.023020386695861816,0.007964126405284152,0.017248670260111492,0.0055569189104093504,0.05592143535614014,0.007321057544118447,0.06010369459788004,0.009113849354917037,0.7115110738267489,0.016304180441081152,0.7126224930422982,0.01441979574144219,0.7018939720274083,0.005286455464714039,0.6998475658246935,0.0038933549074182928,8.333333333333334,0.5773502691896257,60.0,9.643650760992955
