row,model_id,dataset,predict_mode,num_runs,ndcg_multi_mean,ndcg_multi_std,ndcg_single_mean,ndcg_single_std,recall_multi_mean,recall_multi_std,recall_single_mean,recall_single_std,snsr_mean,snsr_std,snsr_gender_mean,snsr_gender_std,snsr_occupation_mean,snsr_occupation_std,snsr_age_mean,snsr_age_std,CFR_mean,CFR_std,CFR_gender_mean,CFR_gender_std,CFR_occupation_mean,CFR_occupation_std,CFR_age_mean,CFR_age_std,n_violations_mean,n_violations_std,fixedQ0_corrected_violations_mean,fixedQ0_corrected_violations_std
Baseline Neutral,meta-llama/Meta-Llama-3-8B-Instruct,ml-1m,rank,3,0.46554615858038256,0.001676452913059875,0.22417434544631995,0.011453980880093867,0.43279047619047617,0.003959663117082531,0.4426666666666667,0.031184041502737347,0.025777618090311687,0.003456253338417427,0.003947655359903972,0.0002548524359026541,0.03127666314442953,0.0055789961485439845,0.04641556739807129,0.008840884157085659,0.532554140856145,0.007475898885576779,0.26898152461205743,0.030294407959817915,0.497290538690818,0.005240185272186811,0.4448342199033279,0.024005932074061643,61.333333333333336,7.094598884597588,,
Baseline Fair,meta-llama/Meta-Llama-3-8B-Instruct,ml-1m,rank,3,0.45617999834181644,0.005565752175082002,0.22744808584003115,0.002796178416741001,0.42620493827160494,0.0038564218751679425,0.44755555555555554,0.011950515253109986,0.023883978525797527,0.006371113099523004,0.004330734411875407,0.00010153826329360323,0.03157122929890951,0.008234699582019455,0.037221272786458336,0.003603831082562549,0.5344517533140271,0.0063334803786434255,0.25535815066784956,0.00437528682139956,0.49095019278339525,0.01365893869816297,0.45076850512368366,0.029163288852263283,55.666666666666664,4.932882862316248,,
FACTOR Iteration 3,meta-llama/Meta-Llama-3-8B-Instruct,ml-1m,rank,3,0.4375694604197622,0.006579793281090523,0.2207278768321559,0.007822937087572602,0.4067449735449736,0.004978023762953536,0.4297777777777778,0.009828153061109323,0.0243415633837382,0.002806019494660533,0.004491666952768962,0.0006934749786991083,0.03005292018254598,0.0076950345717025255,0.028769850730895996,0.006836126672280467,0.5526368974594663,0.009574791810602081,0.2821490591796911,0.02512118158440745,0.5254110016884169,0.014257577896537206,0.4632382889390119,0.007020649058291341,7.666666666666667,1.5275252316519465,60.333333333333336,4.163331998932266
