row,model_id,dataset,predict_mode,num_runs,ndcg_multi_mean,ndcg_multi_std,ndcg_single_mean,ndcg_single_std,recall_multi_mean,recall_multi_std,recall_single_mean,recall_single_std,snsr_mean,snsr_std,snsr_gender_mean,snsr_gender_std,snsr_occupation_mean,snsr_occupation_std,snsr_age_mean,snsr_age_std,CFR_mean,CFR_std,CFR_gender_mean,CFR_gender_std,CFR_occupation_mean,CFR_occupation_std,CFR_age_mean,CFR_age_std,n_violations_mean,n_violations_std,fixedQ0_corrected_violations_mean,fixedQ0_corrected_violations_std
Baseline Neutral,mistralai/Mistral-7B-Instruct-v0.2,ml-1m,rank,3,0.398885847092786,0.0041834650526492885,0.19321754003781033,0.003366131223339637,0.34858712522045865,0.0021393079454108937,0.3546666666666667,0.0013333333333333253,0.019555409749348957,0.0005358254989667543,0.0027768214543660483,0.00030090664102903127,0.023562451203664143,0.0014358576750447478,0.02018525203069051,0.001222160800898488,0.3577259396227661,0.004916063908369439,0.15654631739339808,0.013354799148308037,0.3249680168630072,0.022228255872791328,0.28298913827342803,0.01592142069644145,47.333333333333336,3.511884584284246,,
Baseline Fair,mistralai/Mistral-7B-Instruct-v0.2,ml-1m,rank,3,0.3906331439020622,0.005516440027339773,0.18762960073078735,0.0007689916832523171,0.33983492063492066,0.003911377906965689,0.34,0.0074236858171066915,0.01905969778696696,0.0010610844666339965,0.002942343552907308,0.00036207679468005724,0.023844659328460693,0.002154869361918617,0.023911039034525555,0.0005144689564232738,0.3182899200486629,0.03101117191777941,0.15234711359441808,0.011040075511543327,0.2879521880688354,0.007481603392229664,0.2591709864654908,0.032189953911325536,47.333333333333336,6.658328118479393,,
FACTOR Iteration 3,mistralai/Mistral-7B-Instruct-v0.2,ml-1m,rank,3,0.38122304360663883,0.0013994007045292837,0.1906720420271966,0.004231549395118556,0.333768253968254,0.0018295969622000707,0.34400000000000003,0.003999999999999976,0.019229849179585774,0.00013158380203935805,0.003333151340484619,0.00017692703846344576,0.024481852849324543,0.0005705598739226,0.019536395867665608,0.0016920772116066987,0.3198482328195778,0.014929498043795425,0.15861058508996495,0.01863267850336494,0.28698630482491655,0.015908744538205417,0.2695655026003043,0.004337991140282443,7.0,0.0,46.333333333333336,1.5275252316519465
