row,model_id,dataset,predict_mode,num_runs,ndcg_multi_mean,ndcg_multi_std,ndcg_single_mean,ndcg_single_std,recall_multi_mean,recall_multi_std,recall_single_mean,recall_single_std,snsr_mean,snsr_std,snsr_gender_mean,snsr_gender_std,snsr_occupation_mean,snsr_occupation_std,snsr_age_mean,snsr_age_std,CFR_mean,CFR_std,CFR_gender_mean,CFR_gender_std,CFR_occupation_mean,CFR_occupation_std,CFR_age_mean,CFR_age_std,n_violations_mean,n_violations_std,fixedQ0_corrected_violations_mean,fixedQ0_corrected_violations_std
Baseline Neutral,meta-llama/Meta-Llama-3-8B-Instruct,amazon,rank,3,0.44782031658890714,0.0046952449214706735,0.2510828697221578,0.006046754596668323,0.41888136390358605,0.007080570952689972,0.4189629629629629,0.009079439079137526,0.0,0.0,0.004006048043568929,0.00018949723983923477,0.050103207429250084,0.0031536493628749607,0.014973839124043783,0.0003131748135929248,0.7148700836246467,0.0281459871176608,0.7096478401144464,0.011419874332087283,0.6923076528893399,0.011984812107251656,0.7083247900460142,0.006099749841483155,92.0,4.358898943540674,,
Baseline Fair,meta-llama/Meta-Llama-3-8B-Instruct,amazon,rank,3,0.45765726398631923,0.0032462567063299046,0.2539093414265425,0.0010845982342408144,0.4313689594356261,0.0033190048976793995,0.42488888888888887,0.0032049344670791054,0.0,0.0,0.004292547702789307,0.00045144845587265117,0.053017874558766685,0.004329472626811882,0.01349480946858724,0.0007788352739233267,0.6813086219753925,0.01218660329868607,0.6852489728287584,0.004874768553354263,0.6757203107168706,0.012549863580418251,0.6887797188841299,0.0005226454940798134,91.33333333333333,3.214550253664318,,
FACTOR Iteration 3,meta-llama/Meta-Llama-3-8B-Instruct,amazon,rank,3,0.4511659470047487,0.003981378088008001,0.24696190336621782,0.01234911788534403,0.42326607877718986,0.0022520024198260896,0.41244444444444445,0.015574591527053556,0.0,0.0,0.003658155600229899,0.0006600060839353837,0.04581151405970255,0.0019692282925097295,0.013125916322072348,0.0013038502248120956,0.7065459492958502,0.0053983339543326545,0.6863477870419662,0.0110477515642499,0.6965382102130513,0.0153322960871698,0.6985749150388186,0.006214094414041251,1.6666666666666667,1.1547005383792517,88.66666666666667,5.773502691896257
