row,model_id,dataset,predict_mode,num_runs,ndcg_multi_mean,ndcg_multi_std,ndcg_single_mean,ndcg_single_std,recall_multi_mean,recall_multi_std,recall_single_mean,recall_single_std,snsr_mean,snsr_std,snsr_gender_mean,snsr_gender_std,snsr_occupation_mean,snsr_occupation_std,snsr_age_mean,snsr_age_std,CFR_mean,CFR_std,CFR_gender_mean,CFR_gender_std,CFR_occupation_mean,CFR_occupation_std,CFR_age_mean,CFR_age_std,n_violations_mean,n_violations_std,fixedQ0_corrected_violations_mean,fixedQ0_corrected_violations_std
Baseline Neutral,meta-llama/Meta-Llama-3-8B-Instruct,ml-1m,open,3,0.03483410757518652,0.00147819974026302,0.021248062916289903,0.0025870613724765586,0.03141851851851852,0.0012191719651088078,0.04133333333333333,0.004807401700618655,0.03699918588002523,0.01757622066164944,0.023490428924560547,0.0031136322734128356,0.0913920799891154,0.0025622752305998306,0.14323767026265463,0.014174308454619242,0.6663246154033858,0.005344034528124807,0.6374741274863481,0.01598824364311959,0.6407922742950108,0.008289748485875447,0.6641510730981827,0.007751481434615008,42.666666666666664,5.773502691896258,,
Baseline Fair,meta-llama/Meta-Llama-3-8B-Instruct,ml-1m,open,3,0.03042155767061112,0.0022372781001597235,0.01944600041702736,0.003778694576743343,0.02711252204585538,0.0016454837043886241,0.035555555555555556,0.008036951697788942,0.03827597697575887,0.0081757305245634,0.017482797304789226,0.0014758490988011153,0.05544926722844442,0.007468025047066084,0.10416309038798015,0.003408340616304074,0.6828840238888872,0.003988013266705671,0.6677337165176868,0.0162718370144074,0.6651170540352661,0.014628672781101113,0.6627776953950525,0.00304369659569767,41.0,4.358898943540674,,
FACTOR Iteration 3,meta-llama/Meta-Llama-3-8B-Instruct,ml-1m,open,3,0.028675674133125346,0.0009720904638025469,0.019615674142497926,0.0018259350775188653,0.025659082892416224,0.00037940763132151374,0.03822222222222222,0.004286067004885758,0.03167418638865153,0.005007023762369927,0.01626729965209961,0.0014631418570992228,0.07247650623321533,0.014569086617265251,0.08820160230000813,0.020177106214574116,0.7023744610630885,0.008673370160279732,0.6932632761106331,0.016366852702052417,0.6930561664203804,0.018866246520953464,0.6916740968011066,0.007202604952464539,9.0,0.0,35.333333333333336,6.429100507328637
